{
    "data":[
    {       "name":"Testy",
            "color":7507918,
            "ingredient":"minecraft:bedrock;0",
            "dropMin":1,
            "dropMax":1,
            "growthTime":600,
            "tier":9001,
            "ingredientAmount":1,
            "powerPerStage":2000,
            "decorationBlocks":true,
            "weightedDrop":"minecraft:dirt",
            "weightedDropChance":1,
            "refinerAmount":32,
            "dimensionWhitelist":0,
            "lore":"The color codes are in integer format\nfor more information, go to\nwww.colors.jaredlll08.info"
    },
        {
            "name":"Iron",
            "color":14071681,
            "ingredient":"ingotIron",
            "dropMin":1,
            "dropMax":1,
            "growthTime":2400,
            "tier":1,
            "ingredientAmount":32,
            "powerPerStage":4000,
            "decorationBlocks":true,
            "weightedDrop":"ingotIron",
            "weightedDropChance":1,
            "refinerAmount":16
        },

        {
            "name":"Gold",
            "color":11904556,
            "ingredient":"ingotGold",
            "dropMin":1,
            "dropMax":1,
            "growthTime":2400,
            "tier":1,
            "ingredientAmount":32,
            "powerPerStage":4000,
            "refinerAmount":20
        },
        {
            "name":"Coal",
            "color":788746,
            "ingredient":"itemCoal",
            "dropMin":1,
            "dropMax":4,
            "growthTime":1200,
            "tier":0,
            "ingredientAmount":32,
            "powerPerStage":2000,
            "refinerAmount":12
        },
        {
            "name":"Charcoal",
            "color":3418156,
            "ingredient":"itemCharcoal",
            "dropMin":1,
            "dropMax":4,
            "growthTime":1200,
            "tier":0,
            "ingredientAmount":32,
            "powerPerStage":2000,
            "refinerAmount":12
        },
        {
            "name":"Emerald",
            "color":6290199,
            "ingredient":"gemEmerald",
            "dropMin":1,
            "dropMax":1,
            "growthTime":4800,
            "tier":4,
            "ingredientAmount":32,
            "powerPerStage":10000,
            "refinerAmount":24
        },
        {
            "name":"Diamond",
            "color":5169900,
            "ingredient":"gemDiamond",
            "dropMin":1,
            "dropMax":1,
            "growthTime":4800,
            "tier":4,
            "ingredientAmount":32,
            "powerPerStage":10000,
            "refinerAmount":24
        },
        {
            "name":"Redstone",
            "color":16190746,
            "ingredient":"dustRedstone",
            "dropMin":4,
            "dropMax":8,
            "growthTime":3600,
            "tier":3,
            "ingredientAmount":32,
            "powerPerStage":8000,
            "refinerAmount":8
        },
        {
            "name":"Ender",
            "color":5146997,
            "ingredient":"pearlEnder",
            "dropMin":1,
            "dropMax":1,
            "growthTime":3600,
            "tier":3,
            "ingredientAmount":16,
            "powerPerStage":8000,
            "refinerAmount":12
        },
        {
            "name":"Glowstone",
            "color":16766977,
            "ingredient":"dustGlowstone",
            "dropMin":1,
            "dropMax":2,
            "growthTime":1200,
            "tier":0,
            "ingredientAmount":32,
            "powerPerStage":2000,
            "refinerAmount":12
        },
        {
            "name":"Blaze",
            "color":15246103,
            "ingredient":"itemBlazeRod",
            "dropMin":1,
            "dropMax":1,
            "growthTime":2400,
            "tier":1,
            "ingredientAmount":32,
            "powerPerStage":4000,
            "refinerAmount":8
        },
        {
            "name":"Clay",
            "color":15066338,
            "ingredient":"clayBall",
            "dropMin":1,
            "dropMax":4,
            "growthTime":1200,
            "tier":0,
            "ingredientAmount":32,
            "powerPerStage":2000,
            "refinerAmount":8
        },
        {
            "name":"Flint",
            "color":7499373,
            "ingredient":"itemFlint",
            "dropMin":1,
            "dropMax":1,
            "growthTime":1200,
            "tier":1,
            "ingredientAmount":32,
            "powerPerStage":4000,
            "refinerAmount":8
        },
        {
            "name":"Ghast",
            "color":12371660,
            "ingredient":"itemGhastTear",
            "dropMin":1,
            "dropMax":1,
            "growthTime":2400,
            "tier":2,
            "ingredientAmount":32,
            "powerPerStage":4000,
            "refinerAmount":16
        },
        {
            "name":"Gunpowder",
            "color":5656657,
            "ingredient":"dustGunpowder",
            "dropMin":1,
            "dropMax":1,
            "growthTime":1200,
            "tier":0,
            "ingredientAmount":32,
            "powerPerStage":4000,
            "refinerAmount":12
        },
        {
            "name":"Leather",
            "color":16767832,
            "ingredient":"itemLeather",
            "dropMin":1,
            "dropMax":1,
            "growthTime":1200,
            "tier":0,
            "ingredientAmount":32,
            "powerPerStage":2000,
            "refinerAmount":8
        },
        {
            "name":"Quartz",
            "color":16641780,
            "ingredient":"gemQuartz",
            "dropMin":1,
            "dropMax":4,
            "growthTime":3600,
            "tier":3,
            "ingredientAmount":32,
            "powerPerStage":8000,
            "refinerAmount":20
        },
        {
            "name":"Slime",
            "color":12380500,
            "ingredient":"slimeball",
            "dropMin":1,
            "dropMax":1,
            "growthTime":1200,
            "tier":0,
            "ingredientAmount":32,
            "powerPerStage":2000,
            "refinerAmount":8
        }
        
        
    ]
}