{
  "tools": {
    "axe": {
      "name": "Axe",
      "icon": "minecraft:diamond_axe",
      "toollist": [
        "BiomesOPlenty:axeAmethyst",
        "BiomesOPlenty:axeMud",
        "Botania:elementiumAxe",
        "Botania:manasteelAxe",
        "EnderIO:item.darkSteel_Axe",
        "ExtraUtilities:defoliageAxe",
        "IC2:itemToolBronzeAxe",
        "IC2:itemToolChainsaw",
        "MekanismTools:BronzeAxe",
        "MekanismTools:BronzePaxel",
        "MekanismTools:DiamondPaxel",
        "MekanismTools:GlowstoneAxe",
        "MekanismTools:GlowstonePaxel",
        "MekanismTools:GoldPaxel",
        "MekanismTools:IronPaxel",
        "MekanismTools:LapisLazuliAxe",
        "MekanismTools:LapisLazuliPaxel",
        "MekanismTools:ObsidianAxe",
        "MekanismTools:ObsidianPaxel",
        "MekanismTools:OsmiumAxe",
        "MekanismTools:OsmiumPaxel",
        "MekanismTools:SteelAxe",
        "MekanismTools:SteelPaxel",
        "MekanismTools:StonePaxel",
        "MekanismTools:WoodPaxel",
        "Metallurgy:adamantine.axe",
        "Metallurgy:amordrine.axe",
        "Metallurgy:angmallen.axe",
        "Metallurgy:astral.silver.axe",
        "Metallurgy:atlarus.axe",
        "Metallurgy:black.steel.axe",
        "Metallurgy:brass.axe",
        "Metallurgy:bronze.axe",
        "Metallurgy:carmot.axe",
        "Metallurgy:celenegil.axe",
        "Metallurgy:ceryclase.axe",
        "Metallurgy:copper.axe",
        "Metallurgy:damascus.steel.axe",
        "Metallurgy:deep.iron.axe",
        "Metallurgy:desichalkos.axe",
        "Metallurgy:electrum.axe",
        "Metallurgy:eximite.axe",
        "Metallurgy:haderoth.axe",
        "Metallurgy:hepatizon.axe",
        "Metallurgy:ignatius.axe",
        "Metallurgy:inolashite.axe",
        "Metallurgy:kalendrite.axe",
        "Metallurgy:midasium.axe",
        "Metallurgy:orichalcum.axe",
        "Metallurgy:oureclase.axe",
        "Metallurgy:platinum.axe",
        "Metallurgy:prometheum.axe",
        "Metallurgy:quicksilver.axe",
        "Metallurgy:sanguinite.axe",
        "Metallurgy:shadow.iron.axe",
        "Metallurgy:shadow.steel.axe",
        "Metallurgy:silver.axe",
        "Metallurgy:steel.axe",
        "Metallurgy:tartarite.axe",
        "Metallurgy:vulcanite.axe",
        "Metallurgy:vyroxeres.axe",
        "Natura:natura.axe.bloodwood",
        "Natura:natura.axe.darkwood",
        "Natura:natura.axe.fusewood",
        "Natura:natura.axe.ghostwood",
        "Natura:natura.axe.netherquartz",
        "ProjRed|Exploration:projectred.exploration.axeperidot",
        "ProjRed|Exploration:projectred.exploration.axeruby",
        "ProjRed|Exploration:projectred.exploration.axesapphire",
        "RedstoneArsenal:tool.axeFlux",
        "Steamcraft:axeBrass",
        "Steamcraft:axeGildedGold",
        "Steamcraft:steamAxe",
        "TConstruct:battleaxe",
        "TConstruct:hatchet",
        "TConstruct:lumberaxe",
        "TConstruct:mattock",
        "Thaumcraft:ItemAxeElemental",
        "Thaumcraft:ItemAxeThaumium",
        "ThermalExpansion:tool.axeInvar",
        "TwilightForest:item.ironwoodAxe",
        "TwilightForest:item.knightlyAxe",
        "TwilightForest:item.steeleafAxe",
        "appliedenergistics2:item.ToolCertusQuartzAxe",
        "appliedenergistics2:item.ToolNetherQuartzAxe",
        "bluepower:amethyst_axe",
        "bluepower:ruby_axe",
        "bluepower:sapphire_axe",
        "meteors:FrezAxe",
        "meteors:MetAxe",
        "minecraft:diamond_axe",
        "minecraft:golden_axe",
        "minecraft:iron_axe",
        "minecraft:stone_axe",
        "minecraft:wooden_axe"
      ],
      "blocklist": [
        "BiomesOPlenty:appleLeaves",
        "BiomesOPlenty:colorizedLeaves1",
        "BiomesOPlenty:colorizedLeaves2",
        "BiomesOPlenty:leaves1",
        "BiomesOPlenty:leaves2",
        "BiomesOPlenty:leaves3",
        "BiomesOPlenty:leaves4",
        "BiomesOPlenty:logs1/0",
        "BiomesOPlenty:logs1/1",
        "BiomesOPlenty:logs1/2",
        "BiomesOPlenty:logs1/3",
        "BiomesOPlenty:logs2/0",
        "BiomesOPlenty:logs2/1",
        "BiomesOPlenty:logs2/2",
        "BiomesOPlenty:logs2/3",
        "BiomesOPlenty:logs3/0",
        "BiomesOPlenty:logs3/1",
        "BiomesOPlenty:logs3/2",
        "BiomesOPlenty:logs3/3",
        "BiomesOPlenty:logs4/0",
        "BiomesOPlenty:logs4/1",
        "BiomesOPlenty:logs4/2",
        "Forestry:tile.for.log1",
        "Forestry:tile.for.log2",
        "Forestry:tile.for.log3",
        "Forestry:tile.for.log4",
        "Forestry:tile.for.log5",
        "Forestry:tile.for.log6",
        "Forestry:tile.for.log7",
        "Growthcraft|Bamboo:grc.bambooLeaves/0",
        "MineFactoryReloaded:rubberwood.log",
        "MineFactoryReloaded:tile.mfr.rubberwood.log",
        "Natura:Dark Tree/0",
        "Natura:Dark Tree/1",
        "Natura:Rare Leaves",
        "Natura:Rare Tree/0",
        "Natura:Rare Tree/1",
        "Natura:Rare Tree/2",
        "Natura:Rare Tree/3",
        "Natura:floraleaves",
        "Natura:floraleavesnocolor",
        "Natura:redwood/1",
        "Natura:tree/0",
        "Natura:tree/1",
        "Natura:tree/2",
        "Natura:tree/3",
        "Natura:willow/0",
        "Thaumcraft:blockMagicalLog/0",
        "Thaumcraft:blockMagicalLog/1",
        "TwilightForest:tile.TFLeaves",
        "TwilightForest:tile.TFLog",
        "TwilightForest:tile.TFMagicLeaves",
        "TwilightForest:tile.TFMagicLog",
        "atum:tile.palmLog/0",
        "erebus:leavesAsper/0",
        "erebus:leavesBaobab/0",
        "erebus:leavesCypress/0",
        "erebus:leavesEucalyptus/0",
        "erebus:leavesMahogany/0",
        "erebus:leavesMossbark/0",
        "erebus:leavesSap/0",
        "erebus:logAsper/0",
        "erebus:logBaobab/0",
        "erebus:logCypress/0",
        "erebus:logEucalyptus/0",
        "erebus:logMahogany/0",
        "erebus:logMossbark/0",
        "erebus:logRotten/0",
        "erebus:logSap/0",
        "erebus:log_scorched/0",
        "erebus:saplessLog/0",
        "fossil:palaeorapheLeaves/0",
        "fossil:palaeorapheLog/0",
        "minecraft:fence",
        "minecraft:leaves",
        "minecraft:leaves2",
        "minecraft:log",
        "minecraft:log2",
        "witchery:witchleaves",
        "witchery:witchlog"
      ]
    },
    "crook": {
      "name": "Crook",
      "icon": "exnihilo:crook",
      "toollist": [
        "exnihilo:crook",
        "exnihilo:crook_bone"
      ],
      "blocklist": [
        "BiomesOPlenty:appleLeaves",
        "BiomesOPlenty:colorizedLeaves1",
        "BiomesOPlenty:colorizedLeaves2",
        "BiomesOPlenty:leaves1",
        "BiomesOPlenty:leaves2",
        "BiomesOPlenty:leaves3",
        "BiomesOPlenty:leaves4",
        "BiomesOPlenty:persimmonLeaves",
        "minecraft:leaves",
        "minecraft:leaves2",
        "minecraft:tallgrass",
        "minecraft:vine",
        "minecraft:web",
        "minecraft:wool"
      ]
    },
    "hammer": {
      "name": "Hammer",
      "icon": "exnihilo:hammer_stone",
      "toollist": [
        "exnihilo:hammer_diamond",
        "exnihilo:hammer_gold",
        "exnihilo:hammer_iron",
        "exnihilo:hammer_stone",
        "exnihilo:hammer_wood"
      ],
      "blocklist": [
        "exnihilo:aluminum_dust",
        "exnihilo:aluminum_gravel",
        "exnihilo:aluminum_sand",
        "exnihilo:copper_dust",
        "exnihilo:copper_gravel",
        "exnihilo:copper_sand",
        "exnihilo:dust",
        "exnihilo:ender_lead_gravel",
        "exnihilo:ender_platinum_gravel",
        "exnihilo:ender_silver_gravel",
        "exnihilo:ender_tin_gravel",
        "exnihilo:exnihilo.gravel_ender",
        "exnihilo:exnihilo.gravel_nether",
        "exnihilo:gold_dust",
        "exnihilo:gold_gravel",
        "exnihilo:gold_sand",
        "exnihilo:iron_dust",
        "exnihilo:iron_gravel",
        "exnihilo:iron_sand",
        "exnihilo:lead_dust",
        "exnihilo:lead_gravel",
        "exnihilo:lead_sand",
        "exnihilo:nether_copper_gravel",
        "exnihilo:nether_gold_gravel",
        "exnihilo:nether_iron_gravel",
        "exnihilo:nether_nickel_gravel",
        "exnihilo:nickel_dust",
        "exnihilo:nickel_gravel",
        "exnihilo:nickel_sand",
        "exnihilo:platinum_dust",
        "exnihilo:platinum_gravel",
        "exnihilo:platinum_sand",
        "exnihilo:silver_dust",
        "exnihilo:silver_gravel",
        "exnihilo:silver_sand",
        "exnihilo:tin_dust",
        "exnihilo:tin_gravel",
        "exnihilo:tin_sand",
        "minecraft:cobblestone",
        "minecraft:gravel",
        "minecraft:sand"
      ]
    },
    "hoe": {
      "name": "Hoe",
      "icon": "minecraft:diamond_hoe",
      "toollist": [
        "BiomesOPlenty:hoeAmethyst",
        "BiomesOPlenty:hoeMud",
        "MekanismTools:BronzeHoe",
        "MekanismTools:GlowstoneHoe",
        "MekanismTools:LapisLazuliHoe",
        "MekanismTools:ObsidianHoe",
        "MekanismTools:OsmiumHoe",
        "MekanismTools:SteelHoe",
        "Metallurgy:adamantine.hoe",
        "Metallurgy:amordrine.hoe",
        "Metallurgy:angmallen.Hoe",
        "Metallurgy:atlarus.hoe",
        "Metallurgy:black.steel.hoe",
        "Metallurgy:brass.hoe",
        "Metallurgy:bronze.hoe",
        "Metallurgy:carmot.hoe",
        "Metallurgy:celenegil.hoe",
        "Metallurgy:ceruclase.hoe",
        "Metallurgy:copper.hoe",
        "Metallurgy:damascus.steel.hoe",
        "Metallurgy:deep.iron.hoe",
        "Metallurgy:desichalkos.hoe",
        "Metallurgy:electrum.hoe",
        "Metallurgy:eximite.hoe",
        "Metallurgy:haderoth.hoe",
        "Metallurgy:hepatizon.hoe",
        "Metallurgy:ignatius.hoe",
        "Metallurgy:inolashite.hoe",
        "Metallurgy:kalendrite.hoe",
        "Metallurgy:midasium.hoe",
        "Metallurgy:mithril.hoe",
        "Metallurgy:orichalcum.hoe",
        "Metallurgy:oureclase.hoe",
        "Metallurgy:platinum.hoe",
        "Metallurgy:prometheum.hoe",
        "Metallurgy:quicksilver.hoe",
        "Metallurgy:sanguinite.hoe",
        "Metallurgy:shadow.iron.hoe",
        "Metallurgy:shadow.steel.hoe",
        "Metallurgy:silver.hoe",
        "Metallurgy:steel.hoe",
        "Metallurgy:tartarite.hoe",
        "Metallurgy:vulcanite.hoe",
        "Metallurgy:vyroxeres.hoe",
        "Steamcraft:hoeBrass",
        "Steamcraft:hoeGildedGold",
        "TConstruct:mattock",
        "TConstruct:scythe",
        "TwilightForest:item.ironwoodHoe",
        "TwilightForest:item.steeleafHoe",
        "appliedenergistics2:item.ToolCertusQuartzHoe",
        "appliedenergistics2:item.ToolNetherQuartzHoe",
        "magicalcrops:magicalcrops_InfusedT3Hoe",
        "minecraft:diamond_hoe",
        "minecraft:golden_hoe",
        "minecraft:iron_hoe",
        "minecraft:stone_hoe",
        "minecraft:wooden_hoe"
      ],
      "blocklist": [
        "harvestcraft:pamartichokeCrop",
        "harvestcraft:pamasparagusCrop",
        "harvestcraft:pambambooshootCrop",
        "harvestcraft:pambarleyCrop",
        "harvestcraft:pambeanCrop",
        "harvestcraft:pambeetCrop",
        "harvestcraft:pambellpepperCrop",
        "harvestcraft:pamblackberryCrop",
        "harvestcraft:pamblueberryCrop",
        "harvestcraft:pambroccoliCrop",
        "harvestcraft:pambrusselsproutCrop",
        "harvestcraft:pamcabbageCrop",
        "harvestcraft:pamcactusfruitCrop",
        "harvestcraft:pamcandleberryCrop",
        "harvestcraft:pamcantaloupeCrop",
        "harvestcraft:pamcauliflowerCrop",
        "harvestcraft:pamceleryCrop",
        "harvestcraft:pamchilipepperCrop",
        "harvestcraft:pamcoffeebeanCrop",
        "harvestcraft:pamcornCrop",
        "harvestcraft:pamcottonCrop",
        "harvestcraft:pamcranberryCrop",
        "harvestcraft:pamcucumberCrop",
        "harvestcraft:pameggplantCrop",
        "harvestcraft:pamgarlicCrop",
        "harvestcraft:pamgingerCrop",
        "harvestcraft:pamgrapeCrop",
        "harvestcraft:pamkiwiCrop",
        "harvestcraft:pamleekCrop",
        "harvestcraft:pamlettuceCrop",
        "harvestcraft:pammustardseedsCrop",
        "harvestcraft:pamoatsCrop",
        "harvestcraft:pamokraCrop",
        "harvestcraft:pamonionCrop",
        "harvestcraft:pamparsnipCrop",
        "harvestcraft:pampeanutCrop",
        "harvestcraft:pampeasCrop",
        "harvestcraft:pampineappleCrop",
        "harvestcraft:pamradishCrop",
        "harvestcraft:pamraspberryCrop",
        "harvestcraft:pamrhubarbCrop",
        "harvestcraft:pamriceCrop",
        "harvestcraft:pamrutabagaCrop",
        "harvestcraft:pamryeCrop",
        "harvestcraft:pamscallionCrop",
        "harvestcraft:pamseaweedCrop",
        "harvestcraft:pamsoybeanCrop",
        "harvestcraft:pamspiceleafCrop",
        "harvestcraft:pamstrawberryCrop",
        "harvestcraft:pamsweetpotatoCrop",
        "harvestcraft:pamtealeafCrop",
        "harvestcraft:pamtomatoCrop",
        "harvestcraft:pamturnipCrop",
        "harvestcraft:pamwhitemushroomCrop",
        "harvestcraft:pamwintersquashCrop",
        "harvestcraft:pamzucchiniCrop",
        "magicalcrops:magicalcrops_CropBlackberry",
        "magicalcrops:magicalcrops_CropBlueberry",
        "magicalcrops:magicalcrops_CropChili",
        "magicalcrops:magicalcrops_CropCucumber",
        "magicalcrops:magicalcrops_CropGrape",
        "magicalcrops:magicalcrops_CropRaspberry",
        "magicalcrops:magicalcrops_CropStrawberry",
        "magicalcrops:magicalcrops_CropSugarCane",
        "magicalcrops:magicalcrops_CropSweetcorn",
        "magicalcrops:magicalcrops_CropTomato",
        "magicalcrops:magicalcrops_ElementCropAir",
        "magicalcrops:magicalcrops_ElementCropEarth",
        "magicalcrops:magicalcrops_ElementCropFire",
        "magicalcrops:magicalcrops_ElementCropWater",
        "magicalcrops:magicalcrops_MagicCropBlaze",
        "magicalcrops:magicalcrops_MagicCropCoal",
        "magicalcrops:magicalcrops_MagicCropDiamond",
        "magicalcrops:magicalcrops_MagicCropDye",
        "magicalcrops:magicalcrops_MagicCropEmerald",
        "magicalcrops:magicalcrops_MagicCropEnder",
        "magicalcrops:magicalcrops_MagicCropEssence",
        "magicalcrops:magicalcrops_MagicCropExperience",
        "magicalcrops:magicalcrops_MagicCropGlowstone",
        "magicalcrops:magicalcrops_MagicCropGold",
        "magicalcrops:magicalcrops_MagicCropIron",
        "magicalcrops:magicalcrops_MagicCropLapis",
        "magicalcrops:magicalcrops_MagicCropNether",
        "magicalcrops:magicalcrops_MagicCropObsidian",
        "magicalcrops:magicalcrops_MagicCropRedstone",
        "magicalcrops:magicalcrops_ModMagicCropAlumin",
        "magicalcrops:magicalcrops_ModMagicCropArdite",
        "magicalcrops:magicalcrops_ModMagicCropCobalt",
        "magicalcrops:magicalcrops_ModMagicCropCopper",
        "magicalcrops:magicalcrops_ModMagicCropDarkiron",
        "magicalcrops:magicalcrops_ModMagicCropIridium",
        "magicalcrops:magicalcrops_ModMagicCropLead",
        "magicalcrops:magicalcrops_ModMagicCropManganese",
        "magicalcrops:magicalcrops_ModMagicCropNickel",
        "magicalcrops:magicalcrops_ModMagicCropOil",
        "magicalcrops:magicalcrops_ModMagicCropOsmium",
        "magicalcrops:magicalcrops_ModMagicCropPeridot",
        "magicalcrops:magicalcrops_ModMagicCropPlatinum",
        "magicalcrops:magicalcrops_ModMagicCropQuartz",
        "magicalcrops:magicalcrops_ModMagicCropRubber",
        "magicalcrops:magicalcrops_ModMagicCropRuby",
        "magicalcrops:magicalcrops_ModMagicCropSapphire",
        "magicalcrops:magicalcrops_ModMagicCropSilver",
        "magicalcrops:magicalcrops_ModMagicCropSulfur",
        "magicalcrops:magicalcrops_ModMagicCropThaumcraftShard",
        "magicalcrops:magicalcrops_ModMagicCropTin",
        "magicalcrops:magicalcrops_ModMagicCropUranium",
        "magicalcrops:magicalcrops_ModMagicCropYellorite",
        "magicalcrops:magicalcrops_PotionCropFire",
        "magicalcrops:magicalcrops_PotionCropNight",
        "magicalcrops:magicalcrops_PotionCropRegen",
        "magicalcrops:magicalcrops_PotionCropSpeed",
        "magicalcrops:magicalcrops_PotionCropStrength",
        "magicalcrops:magicalcrops_PotionCropWater",
        "magicalcrops:magicalcrops_SoulCropCow",
        "magicalcrops:magicalcrops_SoulCropCreeper",
        "magicalcrops:magicalcrops_SoulCropGhast",
        "magicalcrops:magicalcrops_SoulCropMagma",
        "magicalcrops:magicalcrops_SoulCropSlime",
        "magicalcrops:magicalcrops_SoulCropSpider",
        "magicalcrops:magicalcrops_SoulCropWither",
        "minecraft:carrots",
        "minecraft:melon_block",
        "minecraft:potatoes",
        "minecraft:pumpkin",
        "minecraft:tallgrass",
        "minecraft:wheat",
        "witchery:artichoke",
        "witchery:belladonna",
        "witchery:mandrake",
        "witchery:mindrake",
        "witchery:snowbell",
        "witchery:wormwood"
      ]
    },
    "pickaxe": {
      "name": "Pickaxe",
      "icon": "minecraft:diamond_pickaxe",
      "toollist": [
        "AWWayofTime:boundPickaxe",
        "BiomesOPlenty:pickaxeAmethyst",
        "BiomesOPlenty:pickaxeMud",
        "Botania:elementiumPick",
        "Botania:glassPick",
        "Botania:manasteelPick",
        "Botania:terraPick",
        "EnderIO:item.darkSteel_pickaxe",
        "ExtraUtilities:destructionpickaxe",
        "HardcoreEnderExpansion:schorching_pickaxe",
        "IC2:itemToolBronzePickaxe",
        "IC2:itemToolDDrill",
        "IC2:itemToolDrill",
        "MekanismTools:BronzePaxel",
        "MekanismTools:BronzePickaxe",
        "MekanismTools:DiamondPaxel",
        "MekanismTools:GlowstonePaxel",
        "MekanismTools:GlowstonePickaxe",
        "MekanismTools:GoldPaxel",
        "MekanismTools:IronPaxel",
        "MekanismTools:LapisLazuliPaxel",
        "MekanismTools:LapisLazuliPickaxe",
        "MekanismTools:ObsidianPaxel",
        "MekanismTools:ObsidianPickaxe",
        "MekanismTools:OsmiumPaxel",
        "MekanismTools:OsmiumPickaxe",
        "MekanismTools:SteelPaxel",
        "MekanismTools:SteelPickaxe",
        "MekanismTools:StonePaxel",
        "MekanismTools:WoodPaxel",
        "Metallurgy:adamantine.pickaxe",
        "Metallurgy:amordrine.pickaxe",
        "Metallurgy:angmallen.pickaxe",
        "Metallurgy:atlarus.pickaxe",
        "Metallurgy:black.steel.pickaxe",
        "Metallurgy:brass.pickaxe",
        "Metallurgy:bronze.pickaxe",
        "Metallurgy:carmot.pickaxe",
        "Metallurgy:celenegil.pickaxe",
        "Metallurgy:ceruclase.pickaxe",
        "Metallurgy:copper.pickaxe",
        "Metallurgy:damascus.steel.pickaxe",
        "Metallurgy:deep.iron.pickaxe",
        "Metallurgy:desichalkos.pickaxe",
        "Metallurgy:electrum.pickaxe",
        "Metallurgy:eximite.pickaxe",
        "Metallurgy:haderoth.pickaxe",
        "Metallurgy:hepatizon.pickaxe",
        "Metallurgy:ignatius.pickaxe",
        "Metallurgy:inolashite.pickaxe",
        "Metallurgy:kalendrite.pickaxe",
        "Metallurgy:midasium.pickaxe",
        "Metallurgy:mithril.pickaxe",
        "Metallurgy:orichalcum.pickaxe",
        "Metallurgy:oureclase.pickaxe",
        "Metallurgy:platinum.pickaxe",
        "Metallurgy:prometheum.pickaxe",
        "Metallurgy:quicksilver.pickaxe",
        "Metallurgy:sanguinite.pickaxe",
        "Metallurgy:shadow.iron.pickaxe",
        "Metallurgy:shadow.steel.pickaxe",
        "Metallurgy:silver.pickaxe",
        "Metallurgy:steel.pickaxe",
        "Metallurgy:tartarite.pickaxe",
        "Metallurgy:vulcanite.pickaxe",
        "Metallurgy:vyroxeres.pickaxe",
        "ProjRed|Exploration:projectred.exploration.pickaxeperidot",
        "ProjRed|Exploration:projectred.exploration.pickaxeruby",
        "ProjRed|Exploration:projectred.exploration.pickaxesapphire",
        "RedstoneArsenal:tool.pickaxeFlux",
        "Steamcraft:ItemSteamDrill",
        "Steamcraft:pickBrass",
        "Steamcraft:pickGildedGold",
        "TConstruct:pickaxe",
        "Thaumcraft:ItemPickThaumium",
        "Thaumcraft:ItemPickaxeElemental",
        "ThermalExpansion:tool.pickaxeInvar",
        "TwilightForest:item.fieryPick",
        "TwilightForest:item.ironwoodPick",
        "TwilightForest:item.knightlyPick",
        "TwilightForest:item.mazebreakerPick",
        "TwilightForest:item.steeleafPick",
        "appliedenergistics2:item.ToolCertusQuartzPickaxe",
        "appliedenergistics2:item.ToolNetherQuartzPickaxe",
        "bluepower:amethyst_pickaxe",
        "bluepower:ruby_pickaxe",
        "bluepower:sapphire_pickaxe",
        "meteors:FrezPick",
        "meteors:MetPick",
        "minecraft:diamond_pickaxe",
        "minecraft:golden_pickaxe",
        "minecraft:iron_pickaxe",
        "minecraft:stone_pickaxe",
        "minecraft:wooden_pickaxe",
        "witchery:kobolditepickaxe"
      ],
      "blocklist": [
        "Artifice:tile.artifice.niter/1",
        "Artifice:tile.artifice.orecoal/0",
        "Artifice:tile.artifice.orecoal/1",
        "Artifice:tile.artifice.orecoal/2",
        "Artifice:tile.artifice.orecoal/3",
        "Artifice:tile.artifice.orecoal/4",
        "Artifice:tile.artifice.orecoal/5",
        "Artifice:tile.artifice.orecoal/6",
        "Artifice:tile.artifice.orecoal/7",
        "Artifice:tile.artifice.orecoal/8",
        "Artifice:tile.artifice.orecopper/0",
        "Artifice:tile.artifice.orecopper/1",
        "Artifice:tile.artifice.orecopper/2",
        "Artifice:tile.artifice.orecopper/3",
        "Artifice:tile.artifice.orecopper/4",
        "Artifice:tile.artifice.orecopper/5",
        "Artifice:tile.artifice.orecopper/6",
        "Artifice:tile.artifice.orecopper/7",
        "Artifice:tile.artifice.orecopper/8",
        "Artifice:tile.artifice.orediamond/0",
        "Artifice:tile.artifice.orediamond/1",
        "Artifice:tile.artifice.orediamond/2",
        "Artifice:tile.artifice.orediamond/3",
        "Artifice:tile.artifice.orediamond/4",
        "Artifice:tile.artifice.orediamond/5",
        "Artifice:tile.artifice.orediamond/6",
        "Artifice:tile.artifice.orediamond/7",
        "Artifice:tile.artifice.orediamond/8",
        "Artifice:tile.artifice.oreemerald/0",
        "Artifice:tile.artifice.oreemerald/1",
        "Artifice:tile.artifice.oreemerald/2",
        "Artifice:tile.artifice.oreemerald/3",
        "Artifice:tile.artifice.oreemerald/4",
        "Artifice:tile.artifice.oreemerald/5",
        "Artifice:tile.artifice.oreemerald/6",
        "Artifice:tile.artifice.oreemerald/7",
        "Artifice:tile.artifice.oreemerald/8",
        "Artifice:tile.artifice.oregold/0",
        "Artifice:tile.artifice.oregold/1",
        "Artifice:tile.artifice.oregold/2",
        "Artifice:tile.artifice.oregold/3",
        "Artifice:tile.artifice.oregold/4",
        "Artifice:tile.artifice.oregold/5",
        "Artifice:tile.artifice.oregold/6",
        "Artifice:tile.artifice.oregold/7",
        "Artifice:tile.artifice.oregold/8",
        "Artifice:tile.artifice.oreiron/0",
        "Artifice:tile.artifice.oreiron/1",
        "Artifice:tile.artifice.oreiron/2",
        "Artifice:tile.artifice.oreiron/3",
        "Artifice:tile.artifice.oreiron/4",
        "Artifice:tile.artifice.oreiron/5",
        "Artifice:tile.artifice.oreiron/6",
        "Artifice:tile.artifice.oreiron/7",
        "Artifice:tile.artifice.oreiron/8",
        "Artifice:tile.artifice.orelapis/0",
        "Artifice:tile.artifice.orelapis/1",
        "Artifice:tile.artifice.orelapis/2",
        "Artifice:tile.artifice.orelapis/3",
        "Artifice:tile.artifice.orelapis/4",
        "Artifice:tile.artifice.orelapis/5",
        "Artifice:tile.artifice.orelapis/6",
        "Artifice:tile.artifice.orelapis/7",
        "Artifice:tile.artifice.orelapis/8",
        "Artifice:tile.artifice.orelead/0",
        "Artifice:tile.artifice.orelead/1",
        "Artifice:tile.artifice.orelead/2",
        "Artifice:tile.artifice.orelead/3",
        "Artifice:tile.artifice.orelead/4",
        "Artifice:tile.artifice.orelead/5",
        "Artifice:tile.artifice.orelead/6",
        "Artifice:tile.artifice.orelead/7",
        "Artifice:tile.artifice.orelead/8",
        "Artifice:tile.artifice.orenickel/0",
        "Artifice:tile.artifice.orenickel/1",
        "Artifice:tile.artifice.orenickel/2",
        "Artifice:tile.artifice.orenickel/3",
        "Artifice:tile.artifice.orenickel/4",
        "Artifice:tile.artifice.orenickel/5",
        "Artifice:tile.artifice.orenickel/6",
        "Artifice:tile.artifice.orenickel/7",
        "Artifice:tile.artifice.orenickel/8",
        "Artifice:tile.artifice.oreredstone/0",
        "Artifice:tile.artifice.oreredstone/1",
        "Artifice:tile.artifice.oreredstone/2",
        "Artifice:tile.artifice.oreredstone/3",
        "Artifice:tile.artifice.oreredstone/4",
        "Artifice:tile.artifice.oreredstone/5",
        "Artifice:tile.artifice.oreredstone/6",
        "Artifice:tile.artifice.oreredstone/7",
        "Artifice:tile.artifice.oreredstone/8",
        "Artifice:tile.artifice.oresilver/0",
        "Artifice:tile.artifice.oresilver/1",
        "Artifice:tile.artifice.oresilver/2",
        "Artifice:tile.artifice.oresilver/3",
        "Artifice:tile.artifice.oresilver/4",
        "Artifice:tile.artifice.oresilver/5",
        "Artifice:tile.artifice.oresilver/6",
        "Artifice:tile.artifice.oresilver/7",
        "Artifice:tile.artifice.oresilver/8",
        "Artifice:tile.artifice.oresulfur/0",
        "Artifice:tile.artifice.oresulfur/1",
        "Artifice:tile.artifice.oresulfur/2",
        "Artifice:tile.artifice.oresulfur/3",
        "Artifice:tile.artifice.oresulfur/4",
        "Artifice:tile.artifice.oresulfur/5",
        "Artifice:tile.artifice.oresulfur/6",
        "Artifice:tile.artifice.oresulfur/7",
        "Artifice:tile.artifice.oresulfur/8",
        "Artifice:tile.artifice.oretin/0",
        "Artifice:tile.artifice.oretin/1",
        "Artifice:tile.artifice.oretin/2",
        "Artifice:tile.artifice.oretin/3",
        "Artifice:tile.artifice.oretin/4",
        "Artifice:tile.artifice.oretin/5",
        "Artifice:tile.artifice.oretin/6",
        "Artifice:tile.artifice.oretin/7",
        "Artifice:tile.artifice.oretin/8",
        "Artifice:tile.artifice.sulfur/0",
        "BigReactors:YelloriteOre/0",
        "BiomesOPlenty:gemOre/0",
        "BiomesOPlenty:gemOre/2",
        "BiomesOPlenty:gemOre/4",
        "BiomesOPlenty:gemOre/6",
        "BiomesOPlenty:gemOre/8",
        "BiomesOPlenty:gemOre/10",
        "BiomesOPlenty:gemOre/12",
        "BiomesOPlenty:gemOre/14",
        "Eln:Eln.Ore/1",
        "Eln:Eln.Ore/4",
        "Eln:Eln.Ore/5",
        "Eln:Eln.Ore/6",
        "Forestry:resources/0",
        "Forestry:resources/1",
        "Forestry:resources/2",
        "GalacticraftCore:tile.gcBlockCore/5",
        "GalacticraftCore:tile.gcBlockCore/6",
        "GalacticraftCore:tile.gcBlockCore/7",
        "GalacticraftCore:tile.gcBlockCore/8",
        "GalacticraftCore:tile.moonBlock/0",
        "GalacticraftCore:tile.moonBlock/2",
        "GalacticraftMars:tile.asteroidsBlock/3",
        "GalacticraftMars:tile.asteroidsBlock/5",
        "GalacticraftMars:tile.mars/0",
        "GalacticraftMars:tile.mars/1",
        "GalacticraftMars:tile.mars/3",
        "HardcoreEnderExpansion:end_powder_ore",
        "HardcoreEnderExpansion:igneous_rock_ore",
        "HardcoreEnderExpansion:instability_orb_ore",
        "HardcoreEnderExpansion:stardust_ore",
        "HydCraft:oreCopper/0",
        "HydCraft:oreLead/0",
        "IC2:blockOreCopper/0",
        "IC2:blockOreLead/0",
        "IC2:blockOreTin/0",
        "IC2:blockOreUran/0",
        "Mariculture:rocks/3",
        "Mekanism:OreBlock/0",
        "Mekanism:OreBlock/1",
        "Mekanism:OreBlock/2",
        "Metallurgy:base.ore/0",
        "Metallurgy:base.ore/1",
        "Metallurgy:base.ore/2",
        "Metallurgy:ender.ore/0",
        "Metallurgy:ender.ore/1",
        "Metallurgy:fantasy.ore/0",
        "Metallurgy:fantasy.ore/1",
        "Metallurgy:fantasy.ore/2",
        "Metallurgy:fantasy.ore/4",
        "Metallurgy:fantasy.ore/5",
        "Metallurgy:fantasy.ore/6",
        "Metallurgy:fantasy.ore/7",
        "Metallurgy:fantasy.ore/8",
        "Metallurgy:fantasy.ore/11",
        "Metallurgy:fantasy.ore/13",
        "Metallurgy:fantasy.ore/14",
        "Metallurgy:nether.ore/0",
        "Metallurgy:nether.ore/1",
        "Metallurgy:nether.ore/2",
        "Metallurgy:nether.ore/3",
        "Metallurgy:nether.ore/4",
        "Metallurgy:nether.ore/5",
        "Metallurgy:nether.ore/6",
        "Metallurgy:nether.ore/7",
        "Metallurgy:nether.ore/8",
        "Metallurgy:nether.ore/9",
        "Metallurgy:precious.ore/0",
        "Metallurgy:precious.ore/1",
        "Metallurgy:precious.ore/2",
        "Metallurgy:utility.ore/0",
        "Metallurgy:utility.ore/1",
        "Metallurgy:utility.ore/2",
        "Metallurgy:utility.ore/3",
        "Metallurgy:utility.ore/4",
        "Metallurgy:utility.ore/5",
        "NetherOres:tile.netherores.ore.0/0",
        "NetherOres:tile.netherores.ore.0/1",
        "NetherOres:tile.netherores.ore.0/2",
        "NetherOres:tile.netherores.ore.0/3",
        "NetherOres:tile.netherores.ore.0/4",
        "NetherOres:tile.netherores.ore.0/5",
        "NetherOres:tile.netherores.ore.0/6",
        "NetherOres:tile.netherores.ore.0/7",
        "NetherOres:tile.netherores.ore.0/8",
        "NetherOres:tile.netherores.ore.0/9",
        "NetherOres:tile.netherores.ore.0/10",
        "NetherOres:tile.netherores.ore.0/11",
        "NetherOres:tile.netherores.ore.0/12",
        "NetherOres:tile.netherores.ore.0/13",
        "NetherOres:tile.netherores.ore.0/14",
        "NetherOres:tile.netherores.ore.0/15",
        "NetherOres:tile.netherores.ore.1/0",
        "NetherOres:tile.netherores.ore.1/1",
        "NetherOres:tile.netherores.ore.1/2",
        "NetherOres:tile.netherores.ore.1/3",
        "NetherOres:tile.netherores.ore.1/4",
        "NetherOres:tile.netherores.ore.1/5",
        "NetherOres:tile.netherores.ore.1/6",
        "NetherOres:tile.netherores.ore.1/7",
        "NetherOres:tile.netherores.ore.1/8",
        "NetherOres:tile.netherores.ore.1/9",
        "NetherOres:tile.netherores.ore.1/10",
        "NetherOres:tile.netherores.ore.1/11",
        "NetherOres:tile.netherores.ore.1/12",
        "NetherOres:tile.netherores.ore.1/13",
        "NetherOres:tile.netherores.ore.1/14",
        "NetherOres:tile.netherores.ore.1/15",
        "ProjRed|Exploration:projectred.exploration.ore/0",
        "ProjRed|Exploration:projectred.exploration.ore/1",
        "ProjRed|Exploration:projectred.exploration.ore/2",
        "Steamcraft:steamcraftOre/0",
        "Steamcraft:steamcraftOre/1",
        "TConstruct:GravelOre/0",
        "TConstruct:GravelOre/1",
        "TConstruct:GravelOre/2",
        "TConstruct:GravelOre/3",
        "TConstruct:GravelOre/4",
        "TConstruct:GravelOre/5",
        "TConstruct:SearedBrick/1",
        "TConstruct:SearedBrick/2",
        "TConstruct:SearedBrick/3",
        "TConstruct:SearedBrick/4",
        "TConstruct:SearedBrick/5",
        "Thaumcraft:blockCustomOre/0",
        "Thaumcraft:blockCustomOre/1",
        "Thaumcraft:blockCustomOre/2",
        "Thaumcraft:blockCustomOre/3",
        "Thaumcraft:blockCustomOre/4",
        "Thaumcraft:blockCustomOre/5",
        "Thaumcraft:blockCustomOre/6",
        "Thaumcraft:blockCustomOre/7",
        "ThermalFoundation:Ore/0",
        "ThermalFoundation:Ore/1",
        "ThermalFoundation:Ore/2",
        "ThermalFoundation:Ore/3",
        "ThermalFoundation:Ore/4",
        "ThermalFoundation:Ore/5",
        "ThermalFoundation:Ore/6",
        "appliedenergistics2:tile.BlockSkyStone",
        "appliedenergistics2:tile.OreQuartz/0",
        "appliedenergistics2:tile.OreQuartzCharged/0",
        "bluepower:teslatite ore",
        "bluepower:tungsten_ore/0",
        "chisel:limestone",
        "chisel:marble",
        "denseores:block0",
        "denseores:block1",
        "denseores:block10",
        "denseores:block11",
        "denseores:block12",
        "denseores:block13",
        "denseores:block14",
        "denseores:block15",
        "denseores:block16",
        "denseores:block17",
        "denseores:block18",
        "denseores:block19",
        "denseores:block2",
        "denseores:block20",
        "denseores:block21",
        "denseores:block22",
        "denseores:block23",
        "denseores:block24",
        "denseores:block25",
        "denseores:block26",
        "denseores:block27",
        "denseores:block28",
        "denseores:block29",
        "denseores:block3",
        "denseores:block30",
        "denseores:block31",
        "denseores:block32",
        "denseores:block33",
        "denseores:block34",
        "denseores:block35",
        "denseores:block36",
        "denseores:block37",
        "denseores:block38",
        "denseores:block39",
        "denseores:block4",
        "denseores:block40",
        "denseores:block41",
        "denseores:block42",
        "denseores:block43",
        "denseores:block44",
        "denseores:block45",
        "denseores:block46",
        "denseores:block47",
        "denseores:block48",
        "denseores:block49",
        "denseores:block5",
        "denseores:block50",
        "denseores:block51",
        "denseores:block52",
        "denseores:block53",
        "denseores:block54",
        "denseores:block55",
        "denseores:block56",
        "denseores:block6",
        "denseores:block7",
        "denseores:block8",
        "denseores:block9",
        "erebus:oreCoal/0",
        "erebus:oreDiamond/0",
        "erebus:oreEmerald/0",
        "erebus:oreEncrustedDiamond/0",
        "erebus:oreFossil/0",
        "erebus:oreGneiss/0",
        "erebus:oreGold/0",
        "erebus:oreIron/0",
        "erebus:oreJade/0",
        "erebus:oreLapis/0",
        "erebus:orePetrifiedWood/0",
        "erebus:oreTemple/0",
        "factorization:DarkIronOre/0",
        "iridiummod:iridiumOre/0",
        "magicalcrops:magicalcrops_EssenceOre",
        "magicalcrops:magicalcrops_EssenceOreNether",
        "meteors:BlockKreknorite",
        "meteors:BlockMeteor",
        "meteors:BlockMeteorRare",
        "minechem:tile.oreUranium/0",
        "minecraft:coal_ore",
        "minecraft:cobblestone_wall",
        "minecraft:diamond_ore",
        "minecraft:emerald_ore",
        "minecraft:glowstone",
        "minecraft:gold_ore",
        "minecraft:iron_ore",
        "minecraft:lapis_ore",
        "minecraft:lit_redstone_ore",
        "minecraft:mossy_cobblestone",
        "minecraft:nether_brick_fence",
        "minecraft:obsidian",
        "minecraft:quartz_ore",
        "minecraft:redstone_ore"
      ]
    },
    "shears": {
      "name": "Shears",
      "icon": "minecraft:shears",
      "toollist": [
        "BiomesOPlenty:scytheAmethyst",
        "BiomesOPlenty:scytheDiamond",
        "BiomesOPlenty:scytheGold",
        "BiomesOPlenty:scytheIron",
        "BiomesOPlenty:scytheMud",
        "BiomesOPlenty:scytheStone",
        "BiomesOPlenty:scytheWood",
        "IC2:itemToolChainsaw",
        "minecraft:shears"
      ],
      "blocklist": [
        "BiomesOPlenty:appleLeaves",
        "BiomesOPlenty:colorizedLeaves1",
        "BiomesOPlenty:colorizedLeaves2",
        "BiomesOPlenty:leaves1",
        "BiomesOPlenty:leaves2",
        "BiomesOPlenty:leaves3",
        "BiomesOPlenty:leaves4",
        "BiomesOPlenty:persimmonLeaves",
        "Calculator:DiamondLeaves/0",
        "Calculator:Leaves/0",
        "Forestry:leaves",
        "Growthcraft|Bamboo:grc.bambooLeaves/0",
        "IC2:blockRubLeaves",
        "Natura:Dark Leaves",
        "Natura:Glowshroom",
        "Natura:Rare Leaves",
        "Natura:blueGlowshroom",
        "Natura:floraleaves",
        "Natura:floraleavesnocolor",
        "Natura:greenGlowshroom",
        "Natura:purpleGlowshroom",
        "TwilightForest:tile.TFLeaves",
        "TwilightForest:tile.TFMagicLeaves",
        "erebus:leavesAsper/0",
        "erebus:leavesBaobab/0",
        "erebus:leavesCypress/0",
        "erebus:leavesEucalyptus/0",
        "erebus:leavesMahogany/0",
        "erebus:leavesMossbark/0",
        "erebus:leavesSap/0",
        "fossil:palaeorapheLeaves/0",
        "minecraft:brown_mushroom",
        "minecraft:deadbush",
        "minecraft:leaves",
        "minecraft:leaves2",
        "minecraft:red_mushroom",
        "minecraft:tallgrass",
        "minecraft:vine",
        "minecraft:web",
        "minecraft:wool",
        "witchery:spanishmoss",
        "witchery:witchleaves"
      ]
    },
    "shovel": {
      "name": "Shovel",
      "icon": "minecraft:diamond_shovel",
      "toollist": [
        "AWWayofTime:boundShovel",
        "BiomesOPlenty:shovelAmethyst",
        "BiomesOPlenty:shovelMud",
        "Botania:elementiumShovel",
        "Botania:manasteelShovel",
        "ExtraUtilities:erosionShovel",
        "IC2:itemToolBronzeSpade",
        "IC2:itemToolDDrill",
        "IC2:itemToolDrill",
        "MekanismTools:BronzeShovel",
        "MekanismTools:GlowstoneShovel",
        "MekanismTools:LapisLazuliShovel",
        "MekanismTools:ObsidianShovel",
        "MekanismTools:OsmiumShovel",
        "MekanismTools:SteelShovel",
        "Metallurgy:adamantine.shovel",
        "Metallurgy:amordrite.shovel",
        "Metallurgy:angmallen.shovel",
        "Metallurgy:astral.silver.shovel",
        "Metallurgy:atlarus.shovel",
        "Metallurgy:black.steel.shovel",
        "Metallurgy:brass.shovel",
        "Metallurgy:bronze.shovel",
        "Metallurgy:carmot.shovel",
        "Metallurgy:celenegil.shovel",
        "Metallurgy:ceruclase.shovel",
        "Metallurgy:copper.shovel",
        "Metallurgy:damascus.steel.shove",
        "Metallurgy:deep.iron.shovel",
        "Metallurgy:desichalkos.shovel",
        "Metallurgy:electrum.shovel",
        "Metallurgy:eximite.shovel",
        "Metallurgy:haderoth.shovel",
        "Metallurgy:hepatizon.shovel",
        "Metallurgy:ignatius.shovel",
        "Metallurgy:inolashite.shovel",
        "Metallurgy:kalendrite.shovel",
        "Metallurgy:midasium.shovel",
        "Metallurgy:mithril.shovel",
        "Metallurgy:orichalcum.shovel",
        "Metallurgy:oureclase.shovel",
        "Metallurgy:platinum.shovel",
        "Metallurgy:prometheum.shovel",
        "Metallurgy:quicksilver.shovel",
        "Metallurgy:sanguinite.shovel",
        "Metallurgy:shadow.iron.shovel",
        "Metallurgy:shadow.steel.shovel",
        "Metallurgy:silver.shovel",
        "Metallurgy:steel.shovel",
        "Metallurgy:tartarite.shovel",
        "Metallurgy:vulcanite.shovel",
        "Metallurgy:vyroxeres.shovel",
        "Natura:natura.shovel.bloodwood",
        "Natura:natura.shovel.darkwood",
        "Natura:natura.shovel.fusewood",
        "Natura:natura.shovel.ghostwood",
        "Natura:natura.shovel.netherquartz",
        "ProjRed|Exploration:projectred.exploration.shovelperidot",
        "ProjRed|Exploration:projectred.exploration.shovelruby",
        "ProjRed|Exploration:projectred.exploration.shovelsapphire",
        "RedstoneArsenal:tool.shovelFlux",
        "Steamcraft:shovelBrass",
        "Steamcraft:shovelGildedGold",
        "Steamcraft:steamShovel",
        "TConstruct:mattock",
        "TConstruct:shovel",
        "Thaumcraft:ItemShovelElemental",
        "Thaumcraft:ItemShovelThaumium",
        "ThermalExpansion:tool.shovelInvar",
        "TwilightForest:item.ironwoodShovel",
        "TwilightForest:item.steeleafShovel",
        "appliedenergistics2:item.ToolCertusQuartzSpade",
        "appliedenergistics2:item.ToolNetherQuartzSpade",
        "bluepower:amethyst_shovel",
        "bluepower:ruby_shovel",
        "bluepower:sapphire_shovel",
        "meteors:FrezSpade",
        "meteors:MetSpade",
        "minecraft:diamond_shovel",
        "minecraft:golden_shovel",
        "minecraft:iron_shovel",
        "minecraft:stone_shovel",
        "minecraft:wooden_shovel"
      ],
      "blocklist": [
        "BiomesOPlenty:mud",
        "Natura:heatsand",
        "Natura:soil.tainted",
        "TConstruct:GravelOre",
        "minecraft:clay",
        "minecraft:gravel",
        "minecraft:sand",
        "minecraft:soul_sand"
      ]
    }
  }
}