{
    "goldmountainVeins": {
        "template": "decoration",
        "block": "gold_ore",
		"material": "minecraft:stone",
        "clusterSize": 4,
        "numClusters": 7,
        "minHeight": 80,
        "maxHeight": 256,
        "retrogen": "true",
        "biomeRestriction": "none",
        "biomes": [mountains,extremehills,crag,highlands,alps],
        "dimensionRestriction": "blacklist",
        "dimensions": [
            -1,
            1
        ]
    },
    "diamondmountainvein": {
        "template": "fractal",
        "block": "diamond_ore",
		"material": "minecraft:stone",
        "clusterSize": 3,
        "numClusters": 4,
        "minHeight": 80,
        "maxHeight": 256,
        "retrogen": "true",
        "biomeRestriction": "none",
        "biomes": [],
        "dimensionRestriction": "blacklist",
        "dimensions": [
            -1,
            1
        ]
    },
    