{
    "copper": {
        "template": "uniform",
        "block": "ThermalFoundation:Ore",
        "clusterSize": 9,
        "numClusters": 14,
        "minHeight": 45,
        "maxHeight": 80,
        "retrogen": "true",
        "biomeRestriction": "none",
        "biomes": [
            "all"
        ],
        "dimensionRestriction": "blacklist",
        "dimensions": [
            -1,
            1
        ]
    },
    "tin": {
        "template": "uniform",
        "block": {"name": "ThermalFoundation:Ore", "metadata": 1},
        "clusterSize": 10,
        "numClusters": 10,
        "minHeight": 25,
        "maxHeight": 50,
        "retrogen": "true",
        "biomeRestriction": "none",
        "biomes": [
            "all"
        ],
        "dimensionRestriction": "blacklist",
        "dimensions": [
            -1,
            1
        ]
    },
    "silver": {
        "template": "uniform",
        "block": [
            {"name": "ThermalFoundation:Ore", "metadata": 2, "weight":80},
            {"name": "ThermalFoundation:Ore", "metadata": 3, "weight":20}
        ],
        "clusterSize": 10,
        "numClusters": 6,
        "minHeight": 8,
        "maxHeight": 40,
        "retrogen": "true",
        "biomeRestriction": "none",
        "biomes": [
            "all"
        ],
        "dimensionRestriction": "blacklist",
        "dimensions": [
            -1,
            1
        ]
    },
    "lead": {
        "template": "uniform",
        "block": [
            {"name": "ThermalFoundation:Ore", "metadata": 3, "weight": 90},
            {"name": "ThermalFoundation:Ore", "metadata": 2, "weight": 10}
        ],
        "clusterSize": 9,
        "numClusters": 7,
        "minHeight": 35,
        "maxHeight": 70,
        "retrogen": "true",
        "biomeRestriction": "none",
        "biomes": [
            "all"
        ],
        "dimensionRestriction": "blacklist",
        "dimensions": [
            -1,
            1
        ]
    },
    "nickel": {
        "template": "uniform",
        "block": {"name": "ThermalFoundation:Ore", "metadata": 4},
        "clusterSize": 6,
        "numClusters": 4,
        "minHeight": 8,
        "maxHeight": 31,
        "retrogen": "true",
        "biomeRestriction": "none",
        "biomes": [
            "all"
        ],
        "dimensionRestriction": "blacklist",
        "dimensions": [
            -1,
            1
        ]
    }
}