{
	{
	"Erebustin": {
		"template": "uniform"
		"block": "erebus:oreTin",
		"material": "erebus:umberstone",
		"clusterSize": 10,
		"numClusters": 20,
		"chunkChance": 70,
		"retrogen": "false",
		"biomeRestriction": "____",
		"biomes": [],
		"dimensionRestriction": "blacklist",
		"dimensions": [66],
		"enabled": "true"
	},
	{
	"Erebuscopper": {
		"template": "uniform"
		"block": "erebus:oreCopper",
		"material": "erebus:BlockUmberstone",
		"clusterSize": 10,
		"numClusters": 20,
		"chunkChance": 70,
		"retrogen": "false",
		"biomeRestriction": "____",
		"biomes": [],
		"dimensionRestriction": "blacklist",
		"dimensions": [66],
		"enabled": "true"
	}
	
}