{
    "copper": {
        "template": "uniform",
        "block": "ThermalFoundation:Ore",
        "clusterSize": 9,
        "numClusters": 28,
        "minHeight": 5,
        "maxHeight": 85,
        "retrogen": "true",
        "biomeRestriction": "none",
        "biomes": [
            "all"
        ],
        "dimensionRestriction": "blacklist",
        "dimensions": [
            -1,
            1
        ]
    },
    "tin": {
        "template": "uniform",
        "block": {"name": "ThermalFoundation:Ore", "metadata": 1},
        "clusterSize": 10,
        "numClusters": 24,
        "minHeight": 5,
        "maxHeight": 85,
        "retrogen": "true",
        "biomeRestriction": "none",
        "biomes": [
            "all"
        ],
        "dimensionRestriction": "blacklist",
        "dimensions": [
            -1,
            1
        ]
    },
    "silver": {
        "template": "uniform",
        "block": [
            {"name": "ThermalFoundation:Ore", "metadata": 2, "weight":80},
            {"name": "ThermalFoundation:Ore", "metadata": 3, "weight":20}
        ],
        "clusterSize": 10,
        "numClusters": 14,
        "minHeight": 5,
        "maxHeight": 128,
        "retrogen": "true",
        "biomeRestriction": "none",
        "biomes": [
            "all"
        ],
        "dimensionRestriction": "blacklist",
        "dimensions": [
            -1,
            1
        ]
    },
    "lead": {
        "template": "uniform",
        "block": [
            {"name": "ThermalFoundation:Ore", "metadata": 3, "weight": 90},
            {"name": "ThermalFoundation:Ore", "metadata": 2, "weight": 10}
        ],
        "clusterSize": 9,
        "numClusters": 15,
        "minHeight": 5,
        "maxHeight": 85,
        "retrogen": "true",
        "biomeRestriction": "none",
        "biomes": [
            "all"
        ],
        "dimensionRestriction": "blacklist",
        "dimensions": [
            -1,
            1
        ]
    },
    "nickel": {
        "template": "uniform",
        "block": {"name": "ThermalFoundation:Ore", "metadata": 4},
        "clusterSize": 6,
        "numClusters": 11,
        "minHeight": 5,
        "maxHeight": 85,
        "retrogen": "true",
        "biomeRestriction": "none",
        "biomes": [
            "all"
        ],
        "dimensionRestriction": "blacklist",
        "dimensions": [
            -1,
            1
        ]
    }
}